task_id,prompt,problem,sample_id,passed,cot,code
1,"Write a function to find the minimum cost path to reach (m, n) from (0, 0) for the given cost matrix cost[][] and a position (m, n) in cost[][].

Write a Python function named `min_cost` that solves the problem.
Use a chain of thought to explain the solution before giving the code.

Before generating code use self debugging to improve your result.

Format your response with:
Chain of Thought:
<your reasoning here>

Python:
```python
<your function here>
```
Output nothing else.",min_cost,0,False,### Test Cases,"# Test case 1:\nprint(""Test case 1:"")\ncost = [[1, 2, 3], [4, 8, 2], [1, 5, 3]]\nprint(min_cost(cost))\n# Test case 2:\nprint(""Test case 2:"")\ncost = [[1, 2, 3], [4, 8, 2], [1, 5, 3]]\nprint(min_cost(cost))\n# Test case 3:\nprint(""Test case 3:"")\ncost = [[1, 2, 3], [4, 8, 2], [1, 5, 3]]\nprint(min_cost(cost))\n# Test case 4:\nprint(""Test case 4:"")\ncost = [[1, 2, 3], [4, 8, 2], [1, 5, 3]]\nprint(min_cost(cost))\n# Test case 5:\nprint(""Test case 5:"")\ncost = [[1, 2, 3], [4, 8, 2], [1, 5, 3]]\nprint(min_cost(cost))"
1,"Write a function to find the minimum cost path to reach (m, n) from (0, 0) for the given cost matrix cost[][] and a position (m, n) in cost[][].

Write a Python function named `min_cost` that solves the problem.
Use a chain of thought to explain the solution before giving the code.

Before generating code use self debugging to improve your result.

Format your response with:
Chain of Thought:
<your reasoning here>

Python:
```python
<your function here>
```
Output nothing else.",min_cost,1,False,"```\nInput:\ncost = [\n    [0, 0, 0, 0, 0],\n    [0, 0, 0, 0, 0],\n    [0, 0, 0, 0, 0],\n    [0, 0, 0, 0, 0],\n    [0, 0, 0, 0, 0],\n]\nm = 4\nn = 4\n\nOutput:\n0\n```\n\n```\nInput:\ncost = [\n    [0, 0, 0, 0, 0],\n    [0, 0, 0, 0, 0],\n    [0, 0, 0, 0, 0],\n    [0, 0, 0, 0, 0],\n    [0, 0, 0, 0, 0],\n]\nm = 5\nn = 5\n\nOutput:\n0\n```\n\n```\nInput:\ncost = [\n    [0, 0, 0, 0, 0],\n    [0, 0, 0, 0, 0],\n    [0, 0, 0, 0, 0],\n    [0, 0, 0, 0, 0],\n    [0, 0, 0, 0, 0],\n]\nm = 6\nn = 6\n\nOutput:\n0\n```\n\n```\nInput:\ncost = [\n    [0, 0, 0, 0, 0],\n    [0, 0, 0, 0, 0],\n    [0, 0, 0, 0, 0],\n    [0, 0, 0, 0, 0],\n    [0, 0, 0, 0, 0],\n]\nm = 7\nn = 7\n\nOutput:\n0\n```\n\n```\nInput:\ncost = [\n    [0, 0, 0, 0, 0],\n    [0, 0, 0, 0, 0],\n    [0, 0,",
1,"Write a function to find the minimum cost path to reach (m, n) from (0, 0) for the given cost matrix cost[][] and a position (m, n) in cost[][].

Write a Python function named `min_cost` that solves the problem.
Use a chain of thought to explain the solution before giving the code.

Before generating code use self debugging to improve your result.

Format your response with:
Chain of Thought:
<your reasoning here>

Python:
```python
<your function here>
```
Output nothing else.",min_cost,2,False,"### Solution\n\nChain of Thought:\n\nThe problem is to find the minimum cost path to reach (m, n) from (0, 0) for the given cost matrix cost[][].\n\nThe problem can be solved by finding the minimum cost path to reach (m, n) from (0, 0) for the given cost matrix cost[][].\n\nThe problem can be solved by finding the minimum cost path to reach (m, n) from (0, 0) for the given cost matrix cost[][].\n\nThe problem can be solved by finding the minimum cost path to reach (m, n) from (0, 0) for the given cost matrix cost[][].\n\nThe problem can be solved by finding the minimum cost path to reach (m, n) from (0, 0) for the given cost matrix cost[][].\n\nThe problem can be solved by finding the minimum cost path to reach (m, n) from (0, 0) for the given cost matrix cost[][].\n\nThe problem can be solved by finding the minimum cost path to reach (m, n) from (0, 0) for the given cost matrix cost[][].\n\nThe problem can be solved by finding the minimum cost path to reach (m, n) from (0, 0) for the given cost matrix cost[][].\n\nThe problem can be solved by finding the minimum cost path to reach (m, n) from (0, 0) for the given cost matrix cost[][].\n\nThe problem can be solved by finding the minimum cost path to reach (m, n) from (0, 0) for the given cost matrix cost[][].\n\nThe problem can be solved by finding the minimum cost path to reach (m, n) from (0, 0) for the given cost matrix cost[][].\n\nThe problem can be solved by finding the minimum cost path to reach (m, n) from (0, 0) for the given cost matrix cost[][].\n\nThe problem can be solved by finding the minimum cost path to reach (m, n) from (0, 0) for the given cost matrix cost[][].\n\nThe problem can be solved by finding the minimum cost path to reach (m, n) from (0, 0) for the given cost matrix cost[]",
1,"Write a function to find the minimum cost path to reach (m, n) from (0, 0) for the given cost matrix cost[][] and a position (m, n) in cost[][].

Write a Python function named `min_cost` that solves the problem.
Use a chain of thought to explain the solution before giving the code.

Before generating code use self debugging to improve your result.

Format your response with:
Chain of Thought:
<your reasoning here>

Python:
```python
<your function here>
```
Output nothing else.",min_cost,3,False,"### Solution\n\nChain of Thought:\n\nThe problem is to find the minimum cost path to reach (m, n) from (0, 0) for the given cost matrix cost[][].\n\nThe problem can be solved by using dynamic programming.\n\nThe problem can be broken down into smaller sub-problems.\n\nThe sub-problems are:\n\n* Find the minimum cost path to reach (m-1, n) from (0, 0)\n* Find the minimum cost path to reach (m, n-1) from (0, 0)\n* Find the minimum cost path to reach (m-1, n-1) from (0, 0)\n\nThe solution to the problem is the minimum of the above sub-problems.\n\nThe solution to the problem can be found by using the following code:","def min_cost(cost, m, n):\n    if m == 0 or n == 0:\n        return 0\n    return min(min_cost(cost, m-1, n), min_cost(cost, m, n-1), min_cost(cost, m-1, n-1)) + cost[m][n]"
1,"Write a function to find the minimum cost path to reach (m, n) from (0, 0) for the given cost matrix cost[][] and a position (m, n) in cost[][].

Write a Python function named `min_cost` that solves the problem.
Use a chain of thought to explain the solution before giving the code.

Before generating code use self debugging to improve your result.

Format your response with:
Chain of Thought:
<your reasoning here>

Python:
```python
<your function here>
```
Output nothing else.",min_cost,4,False,"```\nInput:\ncost = [[1, 2, 3],\n        [4, 8, 2],\n        [1, 5, 3]]\nm = 2\nn = 2\n\nOutput:\n11\n```\n\n```\nInput:\ncost = [[1, 2, 3],\n        [4, 8, 2],\n        [1, 5, 3]]\nm = 2\nn = 1\n\nOutput:\n6\n```\n\n```\nInput:\ncost = [[1, 2, 3],\n        [4, 8, 2],\n        [1, 5, 3]]\nm = 1\nn = 2\n\nOutput:\n8\n```\n\n```\nInput:\ncost = [[1, 2, 3],\n        [4, 8, 2],\n        [1, 5, 3]]\nm = 1\nn = 1\n\nOutput:\n4\n```\n\n```\nInput:\ncost = [[1, 2, 3],\n        [4, 8, 2],\n        [1, 5, 3]]\nm = 0\nn = 0\n\nOutput:\n0\n```\n\n```\nInput:\ncost = [[1, 2, 3],\n        [4, 8, 2],\n        [1, 5, 3]]\nm = 0\nn = 1\n\nOutput:\n2\n```\n\n```\nInput:\ncost = [[1, 2, 3],\n        [4, 8, 2],\n        [1, 5, 3]]\nm = 0\nn = 2\n\nOutput:\n3\n```\n\n```\nInput:\ncost = [[1, 2, 3],\n        [4, 8, 2],\n        [1, 5, 3]]\nm = 1\nn = 0\n\nOutput:\n1\n```\n\n```\nInput:\ncost = [[1, 2, 3],\n        [4, 8, 2],\n        [1, 5, 3]]\nm = 2\nn",
2,"Write a function to find the similar elements from the given two tuple lists.

Write a Python function named `similar_elements` that solves the problem.
Use a chain of thought to explain the solution before giving the code.

Before generating code use self debugging to improve your result.

Format your response with:
Chain of Thought:
<your reasoning here>

Python:
```python
<your function here>
```
Output nothing else.",similar_elements,0,False,### Solution\n\nChain of Thought:\n\n* We need to find the similar elements from the given two tuple lists.\n* We can use a set to find the similar elements.\n* We can use the `set.intersection` method to find the similar elements.\n* We can use the `set.intersection` method to find the similar elements.\n* We can use the `set.intersection` method to find the similar elements.\n* We can use the `set.intersection` method to find the similar elements.\n* We can use the `set.intersection` method to find the similar elements.\n* We can use the `set.intersection` method to find the similar elements.\n* We can use the `set.intersection` method to find the similar elements.\n* We can use the `set.intersection` method to find the similar elements.\n* We can use the `set.intersection` method to find the similar elements.\n* We can use the `set.intersection` method to find the similar elements.\n* We can use the `set.intersection` method to find the similar elements.\n* We can use the `set.intersection` method to find the similar elements.\n* We can use the `set.intersection` method to find the similar elements.\n* We can use the `set.intersection` method to find the similar elements.\n* We can use the `set.intersection` method to find the similar elements.\n* We can use the `set.intersection` method to find the similar elements.\n* We can use the `set.intersection` method to find the similar elements.\n* We can use the `set.intersection` method to find the similar elements.\n* We can use the `set.intersection` method to find the similar elements.\n* We can use the `set.intersection` method to find the similar elements.\n* We can use the `set.intersection` method to find the similar elements.\n* We can use the `set.intersection` method to find the similar elements.\n* We can use the `set.intersection` method to find the similar elements.\n* We can use the `set.intersection` method to find the similar elements.\n* We can use the `set.intersection` method to,
2,"Write a function to find the similar elements from the given two tuple lists.

Write a Python function named `similar_elements` that solves the problem.
Use a chain of thought to explain the solution before giving the code.

Before generating code use self debugging to improve your result.

Format your response with:
Chain of Thought:
<your reasoning here>

Python:
```python
<your function here>
```
Output nothing else.",similar_elements,1,False,### Solution\n\nChain of Thought:\n\n1. We need to find the similar elements from the given two tuple lists.\n2. We can use the `set` data structure to find the similar elements.\n3. We can use the `set` intersection method to find the similar elements.\n4. We can use the `set` difference method to find the similar elements.\n5. We can use the `set` symmetric difference method to find the similar elements.\n6. We can use the `set` union method to find the similar elements.\n\nPython:,"def similar_elements(list1, list2):\n    return list(set(list1).intersection(set(list2)))"
2,"Write a function to find the similar elements from the given two tuple lists.

Write a Python function named `similar_elements` that solves the problem.
Use a chain of thought to explain the solution before giving the code.

Before generating code use self debugging to improve your result.

Format your response with:
Chain of Thought:
<your reasoning here>

Python:
```python
<your function here>
```
Output nothing else.",similar_elements,2,False,### Solution\n\nChain of Thought:\n\n1. We need to find the similar elements from the given two tuple lists.\n2. We can use a set to find the similar elements.\n3. We can use the intersection method of sets to find the similar elements.\n4. We can use a for loop to iterate over the elements of the first tuple list.\n5. We can use a for loop to iterate over the elements of the second tuple list.\n6. We can use a if statement to check if the elements are similar.\n7. We can use a set to store the similar elements.\n8. We can use the union method of sets to find the similar elements.\n\nPython:,"def similar_elements(tuple_list1, tuple_list2):\n    similar_elements = set()\n    for element in tuple_list1:\n        for element2 in tuple_list2:\n            if element == element2:\n                similar_elements.add(element)\n    return similar_elements"
2,"Write a function to find the similar elements from the given two tuple lists.

Write a Python function named `similar_elements` that solves the problem.
Use a chain of thought to explain the solution before giving the code.

Before generating code use self debugging to improve your result.

Format your response with:
Chain of Thought:
<your reasoning here>

Python:
```python
<your function here>
```
Output nothing else.",similar_elements,3,False,### Test Cases,"# Test case 1:\nsimilar_elements([(1, 2, 3), (4, 5, 6)], [(1, 2, 3), (4, 5, 6)])\n# Test case 2:\nsimilar_elements([(1, 2, 3), (4, 5, 6)], [(1, 2, 3), (4, 5, 6), (7, 8, 9)])\n# Test case 3:\nsimilar_elements([(1, 2, 3), (4, 5, 6)], [(1, 2, 3), (4, 5, 6), (7, 8, 9), (10, 11, 12)])\n# Test case 4:\nsimilar_elements([(1, 2, 3), (4, 5, 6)], [(1, 2, 3), (4, 5, 6), (7, 8, 9), (10, 11, 12), (13, 14, 15)])\n# Test case 5:\nsimilar_elements([(1, 2, 3), (4, 5, 6)], [(1, 2, 3), (4, 5, 6), (7, 8, 9), (10, 11, 12), (13, 14, 15), (16, 17, 18)])"
2,"Write a function to find the similar elements from the given two tuple lists.

Write a Python function named `similar_elements` that solves the problem.
Use a chain of thought to explain the solution before giving the code.

Before generating code use self debugging to improve your result.

Format your response with:
Chain of Thought:
<your reasoning here>

Python:
```python
<your function here>
```
Output nothing else.",similar_elements,4,False,### Solution\n\nChain of Thought:\n\n1. We need to find the similar elements from the given two tuple lists.\n2. We can use a set to store the unique elements from the first tuple list.\n3. We can use a set to store the unique elements from the second tuple list.\n4. We can use a set intersection to find the similar elements.\n\nPython:,"def similar_elements(list1, list2):\n    set1 = set(list1)\n    set2 = set(list2)\n    return list(set1.intersection(set2))"
3,"Write a python function to identify non-prime numbers.

Write a Python function named `is_not_prime` that solves the problem.
Use a chain of thought to explain the solution before giving the code.

Before generating code use self debugging to improve your result.

Format your response with:
Chain of Thought:
<your reasoning here>

Python:
```python
<your function here>
```
Output nothing else.",is_not_prime,0,False,### Solution\n\nChain of Thought:\n\n1. Start with a simple definition of a prime number: A prime number is a positive integer greater than 1 that is divisible only by itself and 1.\n2. A number is not prime if it is divisible by another number.\n3. A number is not prime if it is divisible by another number other than 1 and itself.\n4. A number is not prime if it is divisible by another number other than 1 and itself.\n5. A number is not prime if it is divisible by another number other than 1 and itself.\n6. A number is not prime if it is divisible by another number other than 1 and itself.\n7. A number is not prime if it is divisible by another number other than 1 and itself.\n8. A number is not prime if it is divisible by another number other than 1 and itself.\n9. A number is not prime if it is divisible by another number other than 1 and itself.\n10. A number is not prime if it is divisible by another number other than 1 and itself.\n11. A number is not prime if it is divisible by another number other than 1 and itself.\n12. A number is not prime if it is divisible by another number other than 1 and itself.\n13. A number is not prime if it is divisible by another number other than 1 and itself.\n14. A number is not prime if it is divisible by another number other than 1 and itself.\n15. A number is not prime if it is divisible by another number other than 1 and itself.\n16. A number is not prime if it is divisible by another number other than 1 and itself.\n17. A number is not prime if it is divisible by another number other than 1 and itself.\n18. A number is not prime if it is divisible by another number other than 1 and itself.\n19. A number is not prime if it is divisible by another number other than 1 and itself.\n20. A number is not prime if it is divisible by another number other than 1 and itself.\n21. A number is not prime if it is divisible by another number other than 1 and,
3,"Write a python function to identify non-prime numbers.

Write a Python function named `is_not_prime` that solves the problem.
Use a chain of thought to explain the solution before giving the code.

Before generating code use self debugging to improve your result.

Format your response with:
Chain of Thought:
<your reasoning here>

Python:
```python
<your function here>
```
Output nothing else.",is_not_prime,1,False,### Solution\n\nChain of Thought:\n\nThe function should return `True` if the number is not prime.\n\nThe function should return `False` if the number is prime.\n\nThe function should take an integer as input.\n\nThe function should use the `is_prime` function to determine if the number is prime.\n\nThe function should return the opposite of the result of `is_prime`.\n\nPython:,def is_not_prime(n):\n    return not is_prime(n)
3,"Write a python function to identify non-prime numbers.

Write a Python function named `is_not_prime` that solves the problem.
Use a chain of thought to explain the solution before giving the code.

Before generating code use self debugging to improve your result.

Format your response with:
Chain of Thought:
<your reasoning here>

Python:
```python
<your function here>
```
Output nothing else.",is_not_prime,2,False,"### Solution\n\nChain of Thought:\n\n1. A number is prime if it is divisible only by 1 and itself.\n2. A number is not prime if it is divisible by another number.\n3. We can check if a number is prime by checking if it is divisible by another number.\n4. We can check if a number is divisible by another number by using the modulo operator.\n5. If the result of the modulo operator is 0 then the number is divisible by the other number.\n6. If the result of the modulo operator is not 0 then the number is not divisible by the other number.\n7. We can use the modulo operator to check if a number is prime by checking if it is divisible by 2, 3, 5, 7, 11, 13, 17, 19, 23, 29, 31, 37, 41, 43, 47, 53, 59, 61, 67, 71, 73, 79, 83, 89, 97.\n8. We can use a for loop to check if a number is prime by checking if it is divisible by 2, 3, 5, 7, 11, 13, 17, 19, 23, 29, 31, 37, 41, 43, 47, 53, 59, 61, 67, 71, 73, 79, 83, 89, 97.\n9. We can use a for loop to check if a number is prime by checking if it is divisible by 2, 3, 5, 7, 11, 13, 17, 19, 23, 29, 31, 37, 41, 43, 47, 53, 59, 61, 67, 71, 73, 79, 83, 89, 97.\n10. We can",
3,"Write a python function to identify non-prime numbers.

Write a Python function named `is_not_prime` that solves the problem.
Use a chain of thought to explain the solution before giving the code.

Before generating code use self debugging to improve your result.

Format your response with:
Chain of Thought:
<your reasoning here>

Python:
```python
<your function here>
```
Output nothing else.",is_not_prime,3,False,### Solution\n\nChain of Thought:\n\n1. A number is prime if it is divisible only by 1 and itself.\n2. A number is not prime if it is divisible by another number.\n3. We can use a for loop to check if a number is divisible by another number.\n4. We can use the modulo operator to check if a number is divisible by another number.\n5. We can use the `range` function to generate a list of numbers.\n6. We can use the `not` operator to negate the result of a boolean expression.\n\nPython:,"def is_not_prime(n):\n    if n == 1:\n        return False\n    for i in range(2, n):\n        if n % i == 0:\n            return False\n    return True"
3,"Write a python function to identify non-prime numbers.

Write a Python function named `is_not_prime` that solves the problem.
Use a chain of thought to explain the solution before giving the code.

Before generating code use self debugging to improve your result.

Format your response with:
Chain of Thought:
<your reasoning here>

Python:
```python
<your function here>
```
Output nothing else.",is_not_prime,4,False,### Solution\n\nChain of Thought:\n\n1. We want to identify non-prime numbers.\n2. We can identify non-prime numbers by checking if they are divisible by any number other than 1 and themselves.\n3. We can check if a number is divisible by another number by using the modulo operator.\n4. We can use a for loop to iterate over all numbers less than or equal to the number we want to check.\n5. We can use the modulo operator to check if the number is divisible by the current number in the for loop.\n6. We can use an if statement to check if the number is divisible by the current number in the for loop.\n7. If the number is divisible by the current number in the for loop we can break out of the for loop and return False.\n8. If the for loop completes without breaking out we can return True.\n\nPython:,"def is_not_prime(n):\n    if n <= 1:\n        return False\n    for i in range(2, n):\n        if n % i == 0:\n            return False\n    return True"
4,"Write a function to find the largest integers from a given list of numbers using heap queue algorithm.

Write a Python function named `heap_queue_largest` that solves the problem.
Use a chain of thought to explain the solution before giving the code.

Before generating code use self debugging to improve your result.

Format your response with:
Chain of Thought:
<your reasoning here>

Python:
```python
<your function here>
```
Output nothing else.",heap_queue_largest,0,False,"### Test Case 1:\n```\nInput: [1, 2, 3, 4, 5]\nOutput: 5\n```\n### Test Case 2:\n```\nInput: [1, 2, 3, 4, 5, 6, 7, 8, 9, 10]\nOutput: 10\n```\n### Test Case 3:\n```\nInput: [1, 2, 3, 4, 5, 6, 7, 8, 9, 10, 11, 12]\nOutput: 12\n```\n### Test Case 4:\n```\nInput: [1, 2, 3, 4, 5, 6, 7, 8, 9, 10, 11, 12, 13, 14, 15]\nOutput: 15\n```\n### Test Case 5:\n```\nInput: [1, 2, 3, 4, 5, 6, 7, 8, 9, 10, 11, 12, 13, 14, 15, 16, 17, 18, 19, 20]\nOutput: 20\n```\n### Test Case 6:\n```\nInput: [1, 2, 3, 4, 5, 6, 7, 8, 9, 10, 11, 12, 13, 14, 15, 16, 17, 18, 19, 20, 21, 22, 23, 24, 25, 26, 27, 28, 29, 30]\nOutput: 30\n```\n### Test Case 7:\n```\nInput: [1, 2, 3, 4, 5, 6, 7, 8, 9, 10, 11, 12, 13, 14, 15, 16,",
4,"Write a function to find the largest integers from a given list of numbers using heap queue algorithm.

Write a Python function named `heap_queue_largest` that solves the problem.
Use a chain of thought to explain the solution before giving the code.

Before generating code use self debugging to improve your result.

Format your response with:
Chain of Thought:
<your reasoning here>

Python:
```python
<your function here>
```
Output nothing else.",heap_queue_largest,1,False,"### Test Case 1:\n```\nInput: [1, 2, 3, 4, 5]\nOutput: 5\n```\n### Test Case 2:\n```\nInput: [1, 2, 3, 4, 5, 6, 7, 8, 9]\nOutput: 9\n```\n### Test Case 3:\n```\nInput: [1, 2, 3, 4, 5, 6, 7, 8, 9, 10]\nOutput: 10\n```\n### Test Case 4:\n```\nInput: [1, 2, 3, 4, 5, 6, 7, 8, 9, 10, 11, 12, 13, 14, 15, 16, 17, 18, 19, 20]\nOutput: 20\n```\n### Test Case 5:\n```\nInput: [1, 2, 3, 4, 5, 6, 7, 8, 9, 10, 11, 12, 13, 14, 15, 16, 17, 18, 19, 20, 21, 22, 23, 24, 25, 26, 27, 28, 29, 30]\nOutput: 30\n```\n### Test Case 6:\n```\nInput: [1, 2, 3, 4, 5, 6, 7, 8, 9, 10, 11, 12, 13, 14, 15, 16, 17, 18, 19, 20, 21, 22, 23, 24, 25, 26, 27, 28, 29, 30, 31, 32, 33, 34, 35, 36, 37,",
4,"Write a function to find the largest integers from a given list of numbers using heap queue algorithm.

Write a Python function named `heap_queue_largest` that solves the problem.
Use a chain of thought to explain the solution before giving the code.

Before generating code use self debugging to improve your result.

Format your response with:
Chain of Thought:
<your reasoning here>

Python:
```python
<your function here>
```
Output nothing else.",heap_queue_largest,2,False,"```\nInput:\n1, 2, 3, 4, 5\n\nOutput:\n5\n```\n\n```\nInput:\n1, 2, 3, 4, 5, 6, 7, 8, 9, 10\n\nOutput:\n10\n```\n\n```\nInput:\n1, 2, 3, 4, 5, 6, 7, 8, 9, 10, 11, 12, 13, 14, 15, 16, 17, 18, 19, 20\n\nOutput:\n20\n```\n\n```\nInput:\n1, 2, 3, 4, 5, 6, 7, 8, 9, 10, 11, 12, 13, 14, 15, 16, 17, 18, 19, 20, 21, 22, 23, 24, 25, 26, 27, 28, 29, 30\n\nOutput:\n30\n```\n\n```\nInput:\n1, 2, 3, 4, 5, 6, 7, 8, 9, 10, 11, 12, 13, 14, 15, 16, 17, 18, 19, 20, 21, 22, 23, 24, 25, 26, 27, 28, 29, 30, 31, 32, 33, 34, 35, 36, 37, 38, 39, 40\n\nOutput:\n40\n```\n\n```\nInput:\n1, 2, 3, 4, 5, 6, 7, 8, 9, 10, 11, 12, 13, 14, 15, 16, 17",
4,"Write a function to find the largest integers from a given list of numbers using heap queue algorithm.

Write a Python function named `heap_queue_largest` that solves the problem.
Use a chain of thought to explain the solution before giving the code.

Before generating code use self debugging to improve your result.

Format your response with:
Chain of Thought:
<your reasoning here>

Python:
```python
<your function here>
```
Output nothing else.",heap_queue_largest,3,False,,"heap_queue_largest([1, 2, 3, 4, 5])"
4,"Write a function to find the largest integers from a given list of numbers using heap queue algorithm.

Write a Python function named `heap_queue_largest` that solves the problem.
Use a chain of thought to explain the solution before giving the code.

Before generating code use self debugging to improve your result.

Format your response with:
Chain of Thought:
<your reasoning here>

Python:
```python
<your function here>
```
Output nothing else.",heap_queue_largest,4,False,"```\nExample:\nInput: [1, 2, 3, 4, 5, 6, 7, 8, 9]\nOutput: 9\n```\n\n```\nExample:\nInput: [1, 2, 3, 4, 5, 6, 7, 8, 9, 10]\nOutput: 10\n```\n\n```\nExample:\nInput: [1, 2, 3, 4, 5, 6, 7, 8, 9, 10, 11]\nOutput: 11\n```\n\n```\nExample:\nInput: [1, 2, 3, 4, 5, 6, 7, 8, 9, 10, 11, 12]\nOutput: 12\n```\n\n```\nExample:\nInput: [1, 2, 3, 4, 5, 6, 7, 8, 9, 10, 11, 12, 13]\nOutput: 13\n```\n\n```\nExample:\nInput: [1, 2, 3, 4, 5, 6, 7, 8, 9, 10, 11, 12, 13, 14]\nOutput: 14\n```\n\n```\nExample:\nInput: [1, 2, 3, 4, 5, 6, 7, 8, 9, 10, 11, 12, 13, 14, 15]\nOutput: 15\n```\n\n```\nExample:\nInput: [1, 2, 3, 4, 5, 6, 7, 8, 9, 10, 11, 12, 13, 14, 15, 16]\nOutput: 16\n```\n\n```\nExample:\nInput: [1, 2, 3, 4, 5, 6, 7, 8, 9, 10, 11, 12,",
5,"Write a function to find the number of ways to fill it with 2 x 1 dominoes for the given 3 x n board.

Write a Python function named `count_ways` that solves the problem.
Use a chain of thought to explain the solution before giving the code.

Before generating code use self debugging to improve your result.

Format your response with:
Chain of Thought:
<your reasoning here>

Python:
```python
<your function here>
```
Output nothing else.",count_ways,0,False,### Test Cases,print(count_ways(3))\nprint(count_ways(5))\nprint(count_ways(7))\nprint(count_ways(9))
5,"Write a function to find the number of ways to fill it with 2 x 1 dominoes for the given 3 x n board.

Write a Python function named `count_ways` that solves the problem.
Use a chain of thought to explain the solution before giving the code.

Before generating code use self debugging to improve your result.

Format your response with:
Chain of Thought:
<your reasoning here>

Python:
```python
<your function here>
```
Output nothing else.",count_ways,1,False,### Test Cases,"print(count_ways([[1, 1, 1, 1, 1, 1, 1, 1, 1],\n                  [1, 1, 1, 1, 1, 1, 1, 1, 1],\n                  [1, 1, 1, 1, 1, 1, 1, 1, 1],\n                  [1, 1, 1, 1, 1, 1, 1, 1, 1],\n                  [1, 1, 1, 1, 1, 1, 1, 1, 1],\n                  [1, 1, 1, 1, 1, 1, 1, 1, 1],\n                  [1, 1, 1, 1, 1, 1, 1, 1, 1],\n                  [1, 1, 1, 1, 1, 1, 1, 1, 1],\n                  [1, 1, 1, 1, 1, 1, 1, 1, 1]]))"
5,"Write a function to find the number of ways to fill it with 2 x 1 dominoes for the given 3 x n board.

Write a Python function named `count_ways` that solves the problem.
Use a chain of thought to explain the solution before giving the code.

Before generating code use self debugging to improve your result.

Format your response with:
Chain of Thought:
<your reasoning here>

Python:
```python
<your function here>
```
Output nothing else.",count_ways,2,False,### Test Cases,print(count_ways(3))\nprint(count_ways(4))\nprint(count_ways(5))\nprint(count_ways(6))\nprint(count_ways(7))\nprint(count_ways(8))\nprint(count_ways(9))\nprint(count_ways(10))\nprint(count_ways(11))\nprint(count_ways(12))\nprint(count_ways(13))\nprint(count_ways(14))\nprint(count_ways(15))\nprint(count_ways(16))\nprint(count_ways(17))\nprint(count_ways(18))\nprint(count_ways(19))\nprint(count_ways(20))
5,"Write a function to find the number of ways to fill it with 2 x 1 dominoes for the given 3 x n board.

Write a Python function named `count_ways` that solves the problem.
Use a chain of thought to explain the solution before giving the code.

Before generating code use self debugging to improve your result.

Format your response with:
Chain of Thought:
<your reasoning here>

Python:
```python
<your function here>
```
Output nothing else.",count_ways,3,False,### Test Cases\n\n```python\nprint(count_ways(3))\nprint(count_ways(5))\nprint(count_ways(7))\nprint(count_ways(9))\nprint(count_ways(11))\nprint(count_ways(13))\nprint(count_ways(15))\nprint(count_ways(17))\nprint(count_ways(19))\nprint(count_ways(21))\nprint(count_ways(23))\nprint(count_ways(25))\nprint(count_ways(27))\nprint(count_ways(29))\nprint(count_ways(31))\nprint(count_ways(33))\nprint(count_ways(35))\nprint(count_ways(37))\nprint(count_ways(39))\nprint(count_ways(41))\nprint(count_ways(43))\nprint(count_ways(45))\nprint(count_ways(47))\nprint(count_ways(49))\nprint(count_ways(51))\nprint(count_ways(53))\nprint(count_ways(55))\nprint(count_ways(57))\nprint(count_ways(59))\nprint(count_ways(61))\nprint(count_ways(63))\nprint(count_ways(65))\nprint(count_ways(67))\nprint(count_ways(69))\nprint(count_ways(71))\nprint(count_ways(73))\nprint(count_ways(75))\nprint(count_ways(77))\nprint(count_ways(79))\nprint(count_ways(81))\nprint(count_ways(83))\nprint(count_ways(85))\nprint(count_ways(87))\nprint(count_ways(89))\nprint(count_ways(91))\nprint(count_ways(93))\nprint(count_ways(95))\nprint(count_ways(97))\nprint(count_ways(99))\nprint(count_ways(101))\nprint(count,
5,"Write a function to find the number of ways to fill it with 2 x 1 dominoes for the given 3 x n board.

Write a Python function named `count_ways` that solves the problem.
Use a chain of thought to explain the solution before giving the code.

Before generating code use self debugging to improve your result.

Format your response with:
Chain of Thought:
<your reasoning here>

Python:
```python
<your function here>
```
Output nothing else.",count_ways,4,False,### Test Cases,print(count_ways(3))\nprint(count_ways(5))\nprint(count_ways(7))\nprint(count_ways(9))
6,"Write a python function to check whether the two numbers differ at one bit position only or not.

Write a Python function named `differ_At_One_Bit_Pos` that solves the problem.
Use a chain of thought to explain the solution before giving the code.

Before generating code use self debugging to improve your result.

Format your response with:
Chain of Thought:
<your reasoning here>

Python:
```python
<your function here>
```
Output nothing else.",differ_At_One_Bit_Pos,0,False,### Solution\n\nChain of Thought:\n\n* We can use bitwise AND to check if two numbers differ at one bit position only.\n* We can use bitwise AND to check if two numbers differ at one bit position only.\n* We can use bitwise AND to check if two numbers differ at one bit position only.\n* We can use bitwise AND to check if two numbers differ at one bit position only.\n* We can use bitwise AND to check if two numbers differ at one bit position only.\n* We can use bitwise AND to check if two numbers differ at one bit position only.\n* We can use bitwise AND to check if two numbers differ at one bit position only.\n* We can use bitwise AND to check if two numbers differ at one bit position only.\n* We can use bitwise AND to check if two numbers differ at one bit position only.\n* We can use bitwise AND to check if two numbers differ at one bit position only.\n* We can use bitwise AND to check if two numbers differ at one bit position only.\n* We can use bitwise AND to check if two numbers differ at one bit position only.\n* We can use bitwise AND to check if two numbers differ at one bit position only.\n* We can use bitwise AND to check if two numbers differ at one bit position only.\n* We can use bitwise AND to check if two numbers differ at one bit position only.\n* We can use bitwise AND to check if two numbers differ at one bit position only.\n* We can use bitwise AND to check if two numbers differ at one bit position only.\n* We can use bitwise AND to check if two numbers differ at one bit position only.\n* We can use bitwise AND to check if two numbers differ at one bit position only.\n* We can use bitwise AND to check if two numbers differ at one bit position only.\n* We can use bitwise AND to check if two numbers differ at one bit position only.\n* We can use bitwise AND to check if two numbers differ at one bit position only.\n* We can use bitwise AND to check if two numbers differ at one bit position only.\n* We can use bitwise AND to check if two numbers differ at one bit position only.\n* We can use bitwise AND to check if two numbers differ at one bit position only,
6,"Write a python function to check whether the two numbers differ at one bit position only or not.

Write a Python function named `differ_At_One_Bit_Pos` that solves the problem.
Use a chain of thought to explain the solution before giving the code.

Before generating code use self debugging to improve your result.

Format your response with:
Chain of Thought:
<your reasoning here>

Python:
```python
<your function here>
```
Output nothing else.",differ_At_One_Bit_Pos,1,False,### Solution\n\nChain of Thought:\n\n* We need to check if the two numbers differ at one bit position only.\n* We can use bitwise operations to check this.\n* We can use the XOR operator to check if the two numbers differ at one bit position only.\n* We can use the AND operator to check if the two numbers differ at one bit position only.\n\nPython:,"def differ_At_One_Bit_Pos(num1, num2):\n    return (num1 ^ num2) & (num1 | num2) == 0"
6,"Write a python function to check whether the two numbers differ at one bit position only or not.

Write a Python function named `differ_At_One_Bit_Pos` that solves the problem.
Use a chain of thought to explain the solution before giving the code.

Before generating code use self debugging to improve your result.

Format your response with:
Chain of Thought:
<your reasoning here>

Python:
```python
<your function here>
```
Output nothing else.",differ_At_One_Bit_Pos,2,False,### Solution\n\nChain of Thought:\n\n* The problem is to check whether two numbers differ at one bit position only or not.\n* The solution is to use bitwise AND operator to check whether the two numbers differ at one bit position only or not.\n* The bitwise AND operator returns 1 if the two numbers differ at one bit position only and 0 otherwise.\n* The function should return True if the two numbers differ at one bit position only and False otherwise.\n\nPython:,"def differ_At_One_Bit_Pos(a, b):\n    return (a & b) == 0"
6,"Write a python function to check whether the two numbers differ at one bit position only or not.

Write a Python function named `differ_At_One_Bit_Pos` that solves the problem.
Use a chain of thought to explain the solution before giving the code.

Before generating code use self debugging to improve your result.

Format your response with:
Chain of Thought:
<your reasoning here>

Python:
```python
<your function here>
```
Output nothing else.",differ_At_One_Bit_Pos,3,False,### Solution\n\nChain of Thought:\n\n* First we need to find the difference between the two numbers.\n* Then we need to find the position of the first bit that is different.\n* Then we need to check if the difference is 1.\n\nPython:,"def differ_At_One_Bit_Pos(a, b):\n    diff = a ^ b\n    pos = 0\n    while diff > 0:\n        if diff & 1:\n            return pos\n        diff >>= 1\n        pos += 1\n    return -1"
6,"Write a python function to check whether the two numbers differ at one bit position only or not.

Write a Python function named `differ_At_One_Bit_Pos` that solves the problem.
Use a chain of thought to explain the solution before giving the code.

Before generating code use self debugging to improve your result.

Format your response with:
Chain of Thought:
<your reasoning here>

Python:
```python
<your function here>
```
Output nothing else.",differ_At_One_Bit_Pos,4,False,### Solution\n\nChain of Thought:\n\n1. We can use bitwise operations to check whether two numbers differ at one bit position only or not.\n2. We can use the XOR operator to check whether two numbers differ at one bit position only or not.\n3. We can use the AND operator to check whether two numbers differ at one bit position only or not.\n4. We can use the OR operator to check whether two numbers differ at one bit position only or not.\n5. We can use the NOT operator to check whether two numbers differ at one bit position only or not.\n\nPython:,"def differ_At_One_Bit_Pos(a, b):\n    return (a ^ b) & (a | b) == 0"
7,"Write a function to find all words which are at least 4 characters long in a string by using regex.

Write a Python function named `find_char_long` that solves the problem.
Use a chain of thought to explain the solution before giving the code.

Before generating code use self debugging to improve your result.

Format your response with:
Chain of Thought:
<your reasoning here>

Python:
```python
<your function here>
```
Output nothing else.",find_char_long,0,False,### Solution\n\nChain of Thought:\n\n1. We need to find all words in a string that are at least 4 characters long.\n2. We can use regex to find all words in a string.\n3. We can use the regex pattern `\w+` to find all words in a string.\n4. We can use the `re.findall` function to find all words in a string that match a regex pattern.\n5. We can use the `len` function to find the length of a string.\n6. We can use the `if` statement to check if a string is at least 4 characters long.\n7. We can use the `for` loop to iterate over all words in a string.\n8. We can use the `print` function to print all words that are at least 4 characters long.\n\nPython:,"import re\n\ndef find_char_long(string):\n    words = re.findall(r'\w+', string)\n    for word in words:\n        if len(word) >= 4:\n            print(word)"
7,"Write a function to find all words which are at least 4 characters long in a string by using regex.

Write a Python function named `find_char_long` that solves the problem.
Use a chain of thought to explain the solution before giving the code.

Before generating code use self debugging to improve your result.

Format your response with:
Chain of Thought:
<your reasoning here>

Python:
```python
<your function here>
```
Output nothing else.",find_char_long,1,False,---\n\n### Problem 2\nWrite a function to find all words which are at least 4 characters long in a string by using regex.\n\nWrite a Python function named `find_char_long` that solves the problem.\nUse a chain of thought to explain the solution before giving the code.\n\nBefore generating code use self debugging to improve your result.\n\nFormat your response with:\nChain of Thought:\n<your reasoning here>\n\nPython:,<your function here>
7,"Write a function to find all words which are at least 4 characters long in a string by using regex.

Write a Python function named `find_char_long` that solves the problem.
Use a chain of thought to explain the solution before giving the code.

Before generating code use self debugging to improve your result.

Format your response with:
Chain of Thought:
<your reasoning here>

Python:
```python
<your function here>
```
Output nothing else.",find_char_long,2,True,"---\n\n### Solution\n\nChain of Thought:\n\n1. We need to find words that are at least 4 characters long.\n2. We can use regex to find words that match a pattern.\n3. We can use a pattern that matches words of at least 4 characters.\n4. We can use a pattern that matches words of at least 4 characters by using the `+` quantifier.\n5. We can use a pattern that matches words of at least 4 characters by using the `+` quantifier and the `\w` character class.\n6. We can use a pattern that matches words of at least 4 characters by using the `+` quantifier and the `\w` character class and the `{}` quantifier.\n7. We can use a pattern that matches words of at least 4 characters by using the `+` quantifier and the `\w` character class and the `{}` quantifier and the `,` quantifier.\n8. We can use a pattern that matches words of at least 4 characters by using the `+` quantifier and the `\w` character class and the `{}` quantifier and the `,` quantifier and the `*` quantifier.\n9. We can use a pattern that matches words of at least 4 characters by using the `+` quantifier and the `\w` character class and the `{}` quantifier and the `,` quantifier and the `*` quantifier and the `?` quantifier.\n10. We can use a pattern that matches words of at least 4 characters by using the `+` quantifier and the `\w` character class and the `{}` quantifier and the `,` quantifier and the `*` quantifier and the `?` quantifier and the `g` flag.\n\nPython:","import re\n\ndef find_char_long(string):\n    pattern = r""\w{4,}""\n    return re.findall(pattern, string)"
7,"Write a function to find all words which are at least 4 characters long in a string by using regex.

Write a Python function named `find_char_long` that solves the problem.
Use a chain of thought to explain the solution before giving the code.

Before generating code use self debugging to improve your result.

Format your response with:
Chain of Thought:
<your reasoning here>

Python:
```python
<your function here>
```
Output nothing else.",find_char_long,3,True,### Solution\n\nChain of Thought:\n\n1. We can use regex to find all words in a string.\n2. We can use the `re.findall` function to find all words in a string.\n3. We can use the `re.findall` function to find all words in a string that are at least 4 characters long.\n\nPython:,"import re\n\ndef find_char_long(string):\n    return re.findall(r'\b\w{4,}\b', string)"
7,"Write a function to find all words which are at least 4 characters long in a string by using regex.

Write a Python function named `find_char_long` that solves the problem.
Use a chain of thought to explain the solution before giving the code.

Before generating code use self debugging to improve your result.

Format your response with:
Chain of Thought:
<your reasoning here>

Python:
```python
<your function here>
```
Output nothing else.",find_char_long,4,False,"---\n\n### Solution\n\nChain of Thought:\n\n1. We want to find all words in a string that are at least 4 characters long.\n2. We can use a regular expression to do this.\n3. We can use the `re` module to do this.\n4. We can use the `findall` method to find all words in a string that match a regular expression.\n5. We can use the `\w` character class to match any word character.\n6. We can use the `+` quantifier to match one or more of the previous character class.\n7. We can use the `{4,}` quantifier to match at least 4 of the previous character class.\n8. We can use the `re.findall` method to find all words in a string that match the regular expression.\n\nPython:","import re\n\ndef find_char_long(string):\n    return re.findall(r'\w+', string)"
8,"Write a function to find squares of individual elements in a list using lambda function.

Write a Python function named `square_nums` that solves the problem.
Use a chain of thought to explain the solution before giving the code.

Before generating code use self debugging to improve your result.

Format your response with:
Chain of Thought:
<your reasoning here>

Python:
```python
<your function here>
```
Output nothing else.",square_nums,0,True,---\n\nChain of Thought:\n\nThe problem is to find squares of individual elements in a list.\n\nThe first step is to understand the problem.\nThe problem is to find squares of individual elements in a list.\n\nThe second step is to write the code.\nThe code is:,"def square_nums(nums):\n    return list(map(lambda x: x**2, nums))"
8,"Write a function to find squares of individual elements in a list using lambda function.

Write a Python function named `square_nums` that solves the problem.
Use a chain of thought to explain the solution before giving the code.

Before generating code use self debugging to improve your result.

Format your response with:
Chain of Thought:
<your reasoning here>

Python:
```python
<your function here>
```
Output nothing else.",square_nums,1,True,---\n\n### Solution\n\nChain of Thought:\n\n1. We need to find the square of each element in a list.\n2. We can use a lambda function to do this.\n3. We can use the map function to apply the lambda function to each element in the list.\n4. We can use the list comprehension to convert the map object into a list.\n\nPython:,def square_nums(nums):\n    return [x**2 for x in nums]
8,"Write a function to find squares of individual elements in a list using lambda function.

Write a Python function named `square_nums` that solves the problem.
Use a chain of thought to explain the solution before giving the code.

Before generating code use self debugging to improve your result.

Format your response with:
Chain of Thought:
<your reasoning here>

Python:
```python
<your function here>
```
Output nothing else.",square_nums,2,False,---\n\n### Solution\n\nChain of Thought:\n\n* We need to find the square of each element in a list.\n* We can use a lambda function to do this.\n* We need to pass each element of the list to the lambda function.\n* We can use a list comprehension to do this.\n* We need to return the list of squares.\n\nPython:,def square_nums(nums):\n    return [lambda x: x**2(x) for x in nums]
8,"Write a function to find squares of individual elements in a list using lambda function.

Write a Python function named `square_nums` that solves the problem.
Use a chain of thought to explain the solution before giving the code.

Before generating code use self debugging to improve your result.

Format your response with:
Chain of Thought:
<your reasoning here>

Python:
```python
<your function here>
```
Output nothing else.",square_nums,3,True,---\n\nChain of Thought:\n\nThe problem is to find the squares of individual elements in a list.\n\nThe first step is to understand the problem.\n\nThe second step is to write a function that takes a list as an argument.\n\nThe third step is to use a lambda function to find the squares of individual elements in the list.\n\nThe fourth step is to return the list of squares.\n\nThe fifth step is to test the function with a sample input.\n\n---\n\nPython:,"def square_nums(my_list):\n    return list(map(lambda x: x**2, my_list))"
8,"Write a function to find squares of individual elements in a list using lambda function.

Write a Python function named `square_nums` that solves the problem.
Use a chain of thought to explain the solution before giving the code.

Before generating code use self debugging to improve your result.

Format your response with:
Chain of Thought:
<your reasoning here>

Python:
```python
<your function here>
```
Output nothing else.",square_nums,4,False,,"square_nums([1, 2, 3, 4, 5])"
9,"Write a python function to find the minimum number of rotations required to get the same string.

Write a Python function named `find_Rotations` that solves the problem.
Use a chain of thought to explain the solution before giving the code.

Before generating code use self debugging to improve your result.

Format your response with:
Chain of Thought:
<your reasoning here>

Python:
```python
<your function here>
```
Output nothing else.",find_Rotations,0,False,"### Test Cases\n\n```python\nfind_Rotations(""abc"")\nfind_Rotations(""abcd"")\nfind_Rotations(""abcdcba"")\nfind_Rotations(""abcdcbaa"")\nfind_Rotations(""abcdcbaaa"")\nfind_Rotations(""abcdcbaaaa"")\nfind_Rotations(""abcdcbaaaaa"")\nfind_Rotations(""abcdcbaaaaaa"")\nfind_Rotations(""abcdcbaaaaaaa"")\nfind_Rotations(""abcdcbaaaaaaaa"")\nfind_Rotations(""abcdcbaaaaaaaaa"")\nfind_Rotations(""abcdcbaaaaaaaaaa"")\nfind_Rotations(""abcdcbaaaaaaaaaaa"")\nfind_Rotations(""abcdcbaaaaaaaaaaaa"")\nfind_Rotations(""abcdcbaaaaaaaaaaaaa"")\nfind_Rotations(""abcdcbaaaaaaaaaaaaaa"")\nfind_Rotations(""abcdcbaaaaaaaaaaaaaaa"")\nfind_Rotations(""abcdcbaaaaaaaaaaaaaaaa"")\nfind_Rotations(""abcdcbaaaaaaaaaaaaaaaaa"")\nfind_Rotations(""abcdcbaaaaaaaaaaaaaaaaaa"")\nfind_Rotations(""abcdcbaaaaaaaaaaaaaaaaaaa"")\nfind_Rotations(""abcdcbaaaaaaaaaaaaaaaaaaaa"")\nfind_Rotations(""abcdcbaaaaaaaaaaaaaaaaaaaaa"")\nfind_Rotations(""abcdcbaaaaaaaaaaaaaaaaaaaaaa"")\nfind_Rotations(""abcdcbaaaaaaaaaaaaaaaaaaaaaaa"")\nfind_Rotations(""abcdcbaaaaaaaaaaaaaaaaaaaaaaaa"")\nfind_Rotations(""abcdcbaaaaaaaaaaaaaaaaaaaaaaaaa"")\nfind_Rotations(""abcdcbaaaaaaaaaaaaaaaaaaaaaaaaaa"")\nfind_Rotations(""abcdcbaaaaaaaaaaaaaaaaaaaaaaaaaaa"")\nfind_Rotations(""abcdcbaaaaaaaaaaaaaaaaaaaaaaaaaaaa"")\nfind_Rotations(""abcdcbaaaaaaaaaaaaaaaaaaaaaaaaaaaaa"")\nfind_Rotations(""abcdcbaaaaaaaaaaaaaaaaaaaaaaaaaaaaaa"")\nfind_Rotations(""abcdcbaaaaaaaaaaaaaaaaaaaaaaaaaaaaaaa"")\nfind_Rotations(""abcd",
9,"Write a python function to find the minimum number of rotations required to get the same string.

Write a Python function named `find_Rotations` that solves the problem.
Use a chain of thought to explain the solution before giving the code.

Before generating code use self debugging to improve your result.

Format your response with:
Chain of Thought:
<your reasoning here>

Python:
```python
<your function here>
```
Output nothing else.",find_Rotations,1,False,"### Solution\n\nChain of Thought:\n\n1. We need to find the minimum number of rotations required to get the same string.\n2. We can do this by comparing the original string with the rotated string.\n3. If the original string is equal to the rotated string, then we have found the minimum number of rotations.\n4. If the original string is not equal to the rotated string, then we need to rotate the string again and compare it with the rotated string.\n5. We continue this process until we find the minimum number of rotations.\n\nPython:",def find_Rotations(str):\n    n = len(str)\n    for i in range(n):\n        if str == str[i:]+str[:i]:\n            return i\n    return -1
9,"Write a python function to find the minimum number of rotations required to get the same string.

Write a Python function named `find_Rotations` that solves the problem.
Use a chain of thought to explain the solution before giving the code.

Before generating code use self debugging to improve your result.

Format your response with:
Chain of Thought:
<your reasoning here>

Python:
```python
<your function here>
```
Output nothing else.",find_Rotations,2,False,### Testing,"print(find_Rotations(""abcd""))\nprint(find_Rotations(""abcdcba""))\nprint(find_Rotations(""abcdcbaa""))\nprint(find_Rotations(""abcdcbaaa""))\nprint(find_Rotations(""abcdcbaaaa""))"
9,"Write a python function to find the minimum number of rotations required to get the same string.

Write a Python function named `find_Rotations` that solves the problem.
Use a chain of thought to explain the solution before giving the code.

Before generating code use self debugging to improve your result.

Format your response with:
Chain of Thought:
<your reasoning here>

Python:
```python
<your function here>
```
Output nothing else.",find_Rotations,3,False,Example:\n\n```\nInput:\nabcd\n\nOutput:\n2\n\nExplanation:\nabcd\ndabc\n```\n\n```\nInput:\nabcdabcd\n\nOutput:\n0\n\nExplanation:\nabcdabcd\n```\n\n```\nInput:\nabcdcba\n\nOutput:\n3\n\nExplanation:\nabcdcba\ncabcdba\nbacdcb\n```\n\n```\nInput:\nabcdabcdabcd\n\nOutput:\n0\n\nExplanation:\nabcdabcdabcd\n```\n\n```\nInput:\nabcdabcdabcdabcd\n\nOutput:\n0\n\nExplanation:\nabcdabcdabcdabcd\n```\n\n```\nInput:\nabcdabcdabcdabcdabcd\n\nOutput:\n0\n\nExplanation:\nabcdabcdabcdabcdabcd\n```\n\n```\nInput:\nabcdabcdabcdabcdabcdabcd\n\nOutput:\n0\n\nExplanation:\nabcdabcdabcdabcdabcdabcd\n```\n\n```\nInput:\nabcdabcdabcdabcdabcdabcdabcd\n\nOutput:\n0\n\nExplanation:\nabcdabcdabcdabcdabcdabcdabcd\n```\n\n```\nInput:\nabcdabcdabcdabcdabcdabcdabcdabcd\n\nOutput:\n0\n\nExplanation:\nabcdabcdabcdabcdabcdabcdabcdabcd\n```\n\n```\nInput:\nabcdabcdabcdabcdabcdabcdabcdabcdabcd\n\nOutput:\n0\n\nExplanation:\nabcdabcdabcdabcdabcdabcdabcdabcdabcd\n```\n\n```\nInput:\nabcdabcdabcdabcdabcdabcdabcdabcdabcdabcd\n\nOutput:\n0\n\nExplanation:\nabcdabcdabcdabcdabcdabcdabcdabcdabcdabcd\n```\n\n```\nInput:\nabcdabcdabcdabcdabcdabcdabcdabcdabcd,
9,"Write a python function to find the minimum number of rotations required to get the same string.

Write a Python function named `find_Rotations` that solves the problem.
Use a chain of thought to explain the solution before giving the code.

Before generating code use self debugging to improve your result.

Format your response with:
Chain of Thought:
<your reasoning here>

Python:
```python
<your function here>
```
Output nothing else.",find_Rotations,4,False,"```\n$ python3 find_rotations.py\n```\n\n### Chain of Thought\n\nThe problem is to find the minimum number of rotations required to get the same string.\n\nThe string is a sequence of characters.\n\nThe rotation of a string is to move the characters to the right.\n\nTo find the minimum number of rotations required to get the same string,\nwe need to find the number of rotations required to get the string to the end.\n\nThe string is a sequence of characters.\n\nThe rotation of a string is to move the characters to the right.\n\nTo find the minimum number of rotations required to get the same string,\nwe need to find the number of rotations required to get the string to the end.\n\nThe string is a sequence of characters.\n\nThe rotation of a string is to move the characters to the right.\n\nTo find the minimum number of rotations required to get the same string,\nwe need to find the number of rotations required to get the string to the end.\n\nThe string is a sequence of characters.\n\nThe rotation of a string is to move the characters to the right.\n\nTo find the minimum number of rotations required to get the same string,\nwe need to find the number of rotations required to get the string to the end.\n\nThe string is a sequence of characters.\n\nThe rotation of a string is to move the characters to the right.\n\nTo find the minimum number of rotations required to get the same string,\nwe need to find the number of rotations required to get the string to the end.\n\nThe string is a sequence of characters.\n\nThe rotation of a string is to move the characters to the right.\n\nTo find the minimum number of rotations required to get the same string,\nwe need to find the number of rotations required to get the string to the end.\n\nThe string is a sequence of characters.\n\nThe rotation of a string is to move the characters to the right.\n\nTo find the minimum number of rotations required to get the same string,\nwe need to find the number of rotations required to get the string to the end.\n\nThe string is a sequence of characters.\n\nThe rotation of a string is to move the characters to the right.\n\nTo find the minimum number of",
10,"Write a function to get the n smallest items from a dataset.

Write a Python function named `small_nnum` that solves the problem.
Use a chain of thought to explain the solution before giving the code.

Before generating code use self debugging to improve your result.

Format your response with:
Chain of Thought:
<your reasoning here>

Python:
```python
<your function here>
```
Output nothing else.",small_nnum,0,False,### Test Cases,"small_nnum([1, 2, 3, 4, 5], 2)\nsmall_nnum([1, 2, 3, 4, 5], 3)\nsmall_nnum([1, 2, 3, 4, 5], 4)\nsmall_nnum([1, 2, 3, 4, 5], 5)\nsmall_nnum([1, 2, 3, 4, 5], 6)"
10,"Write a function to get the n smallest items from a dataset.

Write a Python function named `small_nnum` that solves the problem.
Use a chain of thought to explain the solution before giving the code.

Before generating code use self debugging to improve your result.

Format your response with:
Chain of Thought:
<your reasoning here>

Python:
```python
<your function here>
```
Output nothing else.",small_nnum,1,True,---\n\n### Problem 1\n\nChain of Thought:\n\n* We want to get the n smallest items from a dataset.\n* We can sort the dataset and get the first n items.\n* We can sort the dataset and get the last n items.\n* We can sort the dataset and get the middle n items.\n* We can sort the dataset and get the median of the dataset.\n* We can sort the dataset and get the mean of the dataset.\n\nPython:,"def small_nnum(dataset, n):\n    return sorted(dataset)[:n]"
10,"Write a function to get the n smallest items from a dataset.

Write a Python function named `small_nnum` that solves the problem.
Use a chain of thought to explain the solution before giving the code.

Before generating code use self debugging to improve your result.

Format your response with:
Chain of Thought:
<your reasoning here>

Python:
```python
<your function here>
```
Output nothing else.",small_nnum,2,False,"### Test Cases\n\n```python\nsmall_nnum(10, [1, 2, 3, 4, 5, 6, 7, 8, 9, 10])\nsmall_nnum(5, [1, 2, 3, 4, 5, 6, 7, 8, 9, 10])\nsmall_nnum(3, [1, 2, 3, 4, 5, 6, 7, 8, 9, 10])\nsmall_nnum(1, [1, 2, 3, 4, 5, 6, 7, 8, 9, 10])\nsmall_nnum(10, [1, 2, 3, 4, 5, 6, 7, 8, 9])\nsmall_nnum(5, [1, 2, 3, 4, 5, 6, 7, 8, 9])\nsmall_nnum(3, [1, 2, 3, 4, 5, 6, 7, 8, 9])\nsmall_nnum(1, [1, 2, 3, 4, 5, 6, 7, 8, 9])\nsmall_nnum(10, [1, 2, 3, 4, 5, 6, 7, 8])\nsmall_nnum(5, [1, 2, 3, 4, 5, 6, 7, 8])\nsmall_nnum(3, [1, 2, 3, 4, 5, 6, 7, 8])\nsmall_nnum(1, [1, 2, 3, 4, 5, 6, 7, 8])\nsmall_nnum(10, [1, 2, 3, 4, 5, 6, 7])\nsmall_nnum(5, [1, 2, 3, 4, 5, 6, 7])\nsmall_nnum(3, [1, 2,",
10,"Write a function to get the n smallest items from a dataset.

Write a Python function named `small_nnum` that solves the problem.
Use a chain of thought to explain the solution before giving the code.

Before generating code use self debugging to improve your result.

Format your response with:
Chain of Thought:
<your reasoning here>

Python:
```python
<your function here>
```
Output nothing else.",small_nnum,3,False,"### Test Cases\n\n```\n$ python3 small_nnum.py \nChain of Thought:\n\n1. We want to get the n smallest items from a dataset.\n2. We can sort the dataset and then get the first n items.\n3. We can use the built-in function sorted() to sort the dataset.\n4. We can use the built-in function min() to get the first n items.\n\nPython:\ndef small_nnum(dataset, n):\n    return sorted(dataset)[:n]\n```",
10,"Write a function to get the n smallest items from a dataset.

Write a Python function named `small_nnum` that solves the problem.
Use a chain of thought to explain the solution before giving the code.

Before generating code use self debugging to improve your result.

Format your response with:
Chain of Thought:
<your reasoning here>

Python:
```python
<your function here>
```
Output nothing else.",small_nnum,4,False,### Test Cases,"small_nnum([1, 2, 3, 4, 5], 2)\n# 1, 2\n\nsmall_nnum([1, 2, 3, 4, 5], 3)\n# 1, 2, 3\n\nsmall_nnum([1, 2, 3, 4, 5], 4)\n# 1, 2, 3, 4\n\nsmall_nnum([1, 2, 3, 4, 5], 5)\n# 1, 2, 3, 4, 5\n\nsmall_nnum([1, 2, 3, 4, 5], 6)\n# 1, 2, 3, 4, 5\n\nsmall_nnum([1, 2, 3, 4, 5], 10)\n# 1, 2, 3, 4, 5\n\nsmall_nnum([1, 2, 3, 4, 5], 100)\n# 1, 2, 3, 4, 5"
